[
  {"iso": "ARG", "name_nl": "Argentinië", "capitals_nl": ["Buenos Aires"], "continent": "South America"},
  {"iso": "BOL", "name_nl": "Bolivia", "capitals_nl": ["Sucre", "La Paz"], "continent": "South America"},
  {"iso": "BRA", "name_nl": "Brazilië", "capitals_nl": ["Brasília"], "continent": "South America"},
  {"iso": "CHL", "name_nl": "Chili", "capitals_nl": ["Santiago"], "continent": "South America"},
  {"iso": "COL", "name_nl": "Colombia", "capitals_nl": ["Bogotá"], "continent": "South America"},
  {"iso": "ECU", "name_nl": "Ecuador", "capitals_nl": ["Quito"], "continent": "South America"},
  {"iso": "GUY", "name_nl": "Guyana", "capitals_nl": ["Georgetown"], "continent": "South America"},
  {"iso": "PRY", "name_nl": "Paraguay", "capitals_nl": ["Asunción"], "continent": "South America"},
  {"iso": "PER", "name_nl": "Peru", "capitals_nl": ["Lima"], "continent": "South America"},
  {"iso": "SUR", "name_nl": "Suriname", "capitals_nl": ["Paramaribo"], "continent": "South America"},
  {"iso": "URY", "name_nl": "Uruguay", "capitals_nl": ["Montevideo"], "continent": "South America"},
  {"iso": "VEN", "name_nl": "Venezuela", "capitals_nl": ["Caracas"], "continent": "South America"},

  {"iso": "ATG", "name_nl": "Antigua en Barbuda", "capitals_nl": ["Saint John's"], "continent": "North America"},
  {"iso": "BHS", "name_nl": "Bahama's", "capitals_nl": ["Nassau"], "continent": "North America"},
  {"iso": "BRB", "name_nl": "Barbados", "capitals_nl": ["Bridgetown"], "continent": "North America"},
  {"iso": "BLZ", "name_nl": "Belize", "capitals_nl": ["Belmopan"], "continent": "North America"},
  {"iso": "CAN", "name_nl": "Canada", "capitals_nl": ["Ottawa"], "continent": "North America"},
  {"iso": "CRI", "name_nl": "Costa Rica", "capitals_nl": ["San José"], "continent": "North America"},
  {"iso": "CUB", "name_nl": "Cuba", "capitals_nl": ["Havana"], "continent": "North America"},
  {"iso": "DMA", "name_nl": "Dominica", "capitals_nl": ["Roseau"], "continent": "North America"},
  {"iso": "DOM", "name_nl": "Dominicaanse Republiek", "capitals_nl": ["Santo Domingo"], "continent": "North America"},
  {"iso": "SLV", "name_nl": "El Salvador", "capitals_nl": ["San Salvador"], "continent": "North America"},
  {"iso": "GRD", "name_nl": "Grenada", "capitals_nl": ["Saint George's"], "continent": "North America"},
  {"iso": "GTM", "name_nl": "Guatemala", "capitals_nl": ["Guatemala-stad"], "continent": "North America"},
  {"iso": "HTI", "name_nl": "Haïti", "capitals_nl": ["Port-au-Prince"], "continent": "North America"},
  {"iso": "HND", "name_nl": "Honduras", "capitals_nl": ["Tegucigalpa"], "continent": "North America"},
  {"iso": "JAM", "name_nl": "Jamaica", "capitals_nl": ["Kingston"], "continent": "North America"},
  {"iso": "MEX", "name_nl": "Mexico", "capitals_nl": ["Mexico-stad"], "continent": "North America"},
  {"iso": "NIC", "name_nl": "Nicaragua", "capitals_nl": ["Managua"], "continent": "North America"},
  {"iso": "PAN", "name_nl": "Panama", "capitals_nl": ["Panama-stad"], "continent": "North America"},
  {"iso": "KNA", "name_nl": "Saint Kitts en Nevis", "capitals_nl": ["Basseterre"], "continent": "North America"},
  {"iso": "LCA", "name_nl": "Saint Lucia", "capitals_nl": ["Castries"], "continent": "North America"},
  {"iso": "VCT", "name_nl": "Saint Vincent en de Grenadines", "capitals_nl": ["Kingstown"], "continent": "North America"},
  {"iso": "TTO", "name_nl": "Trinidad en Tobago", "capitals_nl": ["Port of Spain"], "continent": "North America"},
  {"iso": "USA", "name_nl": "Verenigde Staten", "capitals_nl": ["Washington D.C."], "continent": "North America"},

  {"iso": "ALB", "name_nl": "Albanië", "capitals_nl": ["Tirana"], "continent": "Europe"},
  {"iso": "AND", "name_nl": "Andorra", "capitals_nl": ["Andorra la Vella"], "continent": "Europe"},
  {"iso": "BEL", "name_nl": "België", "capitals_nl": ["Brussel"], "continent": "Europe"},
  {"iso": "BIH", "name_nl": "Bosnië en Herzegovina", "capitals_nl": ["Sarajevo"], "continent": "Europe"},
  {"iso": "BGR", "name_nl": "Bulgarije", "capitals_nl": ["Sofia"], "continent": "Europe"},
  {"iso": "CYP", "name_nl": "Cyprus", "capitals_nl": ["Nicosia"], "continent": "Europe"},
  {"iso": "DNK", "name_nl": "Denemarken", "capitals_nl": ["Kopenhagen"], "continent": "Europe"},
  {"iso": "DEU", "name_nl": "Duitsland", "capitals_nl": ["Berlijn"], "continent": "Europe"},
  {"iso": "EST", "name_nl": "Estland", "capitals_nl": ["Tallinn"], "continent": "Europe"},
  {"iso": "FIN", "name_nl": "Finland", "capitals_nl": ["Helsinki"], "continent": "Europe"},
  {"iso": "FRA", "name_nl": "Frankrijk", "capitals_nl": ["Parijs"], "continent": "Europe"},
  {"iso": "GRC", "name_nl": "Griekenland", "capitals_nl": ["Athene"], "continent": "Europe"},
  {"iso": "HUN", "name_nl": "Hongarije", "capitals_nl": ["Boedapest"], "continent": "Europe"},
  {"iso": "IRL", "name_nl": "Ierland", "capitals_nl": ["Dublin"], "continent": "Europe"},
  {"iso": "ISL", "name_nl": "IJsland", "capitals_nl": ["Reykjavik"], "continent": "Europe"},
  {"iso": "ITA", "name_nl": "Italië", "capitals_nl": ["Rome"], "continent": "Europe"},
  {"iso": "HRV", "name_nl": "Kroatië", "capitals_nl": ["Zagreb"], "continent": "Europe"},
  {"iso": "LVA", "name_nl": "Letland", "capitals_nl": ["Riga"], "continent": "Europe"},
  {"iso": "LIE", "name_nl": "Liechtenstein", "capitals_nl": ["Vaduz"], "continent": "Europe"},
  {"iso": "LTU", "name_nl": "Litouwen", "capitals_nl": ["Vilnius"], "continent": "Europe"},
  {"iso": "LUX", "name_nl": "Luxemburg", "capitals_nl": ["Luxemburg"], "continent": "Europe"},
  {"iso": "MLT", "name_nl": "Malta", "capitals_nl": ["Valletta"], "continent": "Europe"},
  {"iso": "MDA", "name_nl": "Moldavië", "capitals_nl": ["Chișinău"], "continent": "Europe"},
  {"iso": "MCO", "name_nl": "Monaco", "capitals_nl": ["Monaco"], "continent": "Europe"},
  {"iso": "MNE", "name_nl": "Montenegro", "capitals_nl": ["Podgorica"], "continent": "Europe"},
  {"iso": "NLD", "name_nl": "Nederland", "capitals_nl": ["Amsterdam"], "continent": "Europe"},
  {"iso": "MKD", "name_nl": "Noord-Macedonië", "capitals_nl": ["Skopje"], "continent": "Europe"},
  {"iso": "NOR", "name_nl": "Noorwegen", "capitals_nl": ["Oslo"], "continent": "Europe"},
  {"iso": "UKR", "name_nl": "Oekraïne", "capitals_nl": ["Kyiv"], "continent": "Europe"},
  {"iso": "AUT", "name_nl": "Oostenrijk", "capitals_nl": ["Wenen"], "continent": "Europe"},
  {"iso": "POL", "name_nl": "Polen", "capitals_nl": ["Warschau"], "continent": "Europe"},
  {"iso": "PRT", "name_nl": "Portugal", "capitals_nl": ["Lissabon"], "continent": "Europe"},
  {"iso": "ROU", "name_nl": "Roemenië", "capitals_nl": ["Boekarest"], "continent": "Europe"},
  {"iso": "RUS", "name_nl": "Rusland", "capitals_nl": ["Moskou"], "continent": "Europe"},
  {"iso": "SMR", "name_nl": "San Marino", "capitals_nl": ["San Marino"], "continent": "Europe"},
  {"iso": "SRB", "name_nl": "Servië", "capitals_nl": ["Belgrado"], "continent": "Europe"},
  {"iso": "SVK", "name_nl": "Slowakije", "capitals_nl": ["Bratislava"], "continent": "Europe"},
  {"iso": "SVN", "name_nl": "Slovenië", "capitals_nl": ["Ljubljana"], "continent": "Europe"},
  {"iso": "ESP", "name_nl": "Spanje", "capitals_nl": ["Madrid"], "continent": "Europe"},
  {"iso": "CZE", "name_nl": "Tsjechië", "capitals_nl": ["Praag"], "continent": "Europe"},
  {"iso": "VAT", "name_nl": "Vaticaanstad", "capitals_nl": ["Vaticaanstad"], "continent": "Europe"},
  {"iso": "GBR", "name_nl": "Verenigde Koninkrijk", "capitals_nl": ["Londen"], "continent": "Europe"},
  {"iso": "BLR", "name_nl": "Wit-Rusland", "capitals_nl": ["Minsk"], "continent": "Europe"},
  {"iso": "CHE", "name_nl": "Zwitserland", "capitals_nl": ["Bern"], "continent": "Europe"},
  {"iso": "XKX", "name_nl": "Kosovo", "capitals_nl": ["Pristina"], "continent": "Europe"},

  {"iso": "AUS", "name_nl": "Australië", "capitals_nl": ["Canberra"], "continent": "Oceania"},
  {"iso": "FJI", "name_nl": "Fiji", "capitals_nl": ["Suva"], "continent": "Oceania"},
  {"iso": "KIR", "name_nl": "Kiribati", "capitals_nl": ["South Tarawa"], "continent": "Oceania"},
  {"iso": "MHL", "name_nl": "Marshalleilanden", "capitals_nl": ["Majuro"], "continent": "Oceania"},
  {"iso": "FSM", "name_nl": "Micronesië", "capitals_nl": ["Palikir"], "continent": "Oceania"},
  {"iso": "NRU", "name_nl": "Nauru", "capitals_nl": ["Yaren"], "continent": "Oceania"},
  {"iso": "NZL", "name_nl": "Nieuw-Zeeland", "capitals_nl": ["Wellington"], "continent": "Oceania"},
  {"iso": "PLW", "name_nl": "Palau", "capitals_nl": ["Ngerulmud"], "continent": "Oceania"},
  {"iso": "PNG", "name_nl": "Papoea-Nieuw-Guinea", "capitals_nl": ["Port Moresby"], "continent": "Oceania"},
  {"iso": "SLB", "name_nl": "Salomonseilanden", "capitals_nl": ["Honiara"], "continent": "Oceania"},
  {"iso": "WSM", "name_nl": "Samoa", "capitals_nl": ["Apia"], "continent": "Oceania"},
  {"iso": "TON", "name_nl": "Tonga", "capitals_nl": ["Nukuʻalofa"], "continent": "Oceania"},
  {"iso": "TUV", "name_nl": "Tuvalu", "capitals_nl": ["Funafuti"], "continent": "Oceania"},
  {"iso": "VUT", "name_nl": "Vanuatu", "capitals_nl": ["Port Vila"], "continent": "Oceania"},

  {"iso": "DZA", "name_nl": "Algerije", "capitals_nl": ["Algiers"], "continent": "Africa"},
  {"iso": "EGY", "name_nl": "Egypte", "capitals_nl": ["Caïro"], "continent": "Africa"},
  {"iso": "LBY", "name_nl": "Libië", "capitals_nl": ["Tripoli"], "continent": "Africa"},
  {"iso": "TUN", "name_nl": "Tunesië", "capitals_nl": ["Tunis"], "continent": "Africa"},
  {"iso": "MAR", "name_nl": "Marokko", "capitals_nl": ["Rabat"], "continent": "Africa"},
  {"iso": "SDN", "name_nl": "Soedan", "capitals_nl": ["Khartoem"], "continent": "Africa"},
  {"iso": "SSD", "name_nl": "Zuid-Soedan", "capitals_nl": ["Juba"], "continent": "Africa"},
  {"iso": "ETH", "name_nl": "Ethiopië", "capitals_nl": ["Addis Abeba"], "continent": "Africa"},
  {"iso": "ERI", "name_nl": "Eritrea", "capitals_nl": ["Asmara"], "continent": "Africa"},
  {"iso": "DJI", "name_nl": "Djibouti", "capitals_nl": ["Djibouti"], "continent": "Africa"},
  {"iso": "SOM", "name_nl": "Somalië", "capitals_nl": ["Mogadishu"], "continent": "Africa"},
  {"iso": "NGA", "name_nl": "Nigeria", "capitals_nl": ["Abuja"], "continent": "Africa"},
  {"iso": "GHA", "name_nl": "Ghana", "capitals_nl": ["Accra"], "continent": "Africa"},
  {"iso": "CIV", "name_nl": "Ivoorkust", "capitals_nl": ["Yamoussoukro"], "continent": "Africa"},
  {"iso": "SEN", "name_nl": "Senegal", "capitals_nl": ["Dakar"], "continent": "Africa"},
  {"iso": "GMB", "name_nl": "Gambia", "capitals_nl": ["Banjul"], "continent": "Africa"},
  {"iso": "GIN", "name_nl": "Guinee", "capitals_nl": ["Conakry"], "continent": "Africa"},
  {"iso": "GNB", "name_nl": "Guinee-Bissau", "capitals_nl": ["Bissau"], "continent": "Africa"},
  {"iso": "SLE", "name_nl": "Sierra Leone", "capitals_nl": ["Freetown"], "continent": "Africa"},
  {"iso": "LBR", "name_nl": "Liberia", "capitals_nl": ["Monrovia"], "continent": "Africa"},
  {"iso": "BEN", "name_nl": "Benin", "capitals_nl": ["Porto-Novo"], "continent": "Africa"},
  {"iso": "TGO", "name_nl": "Togo", "capitals_nl": ["Lomé"], "continent": "Africa"},
  {"iso": "CMR", "name_nl": "Kameroen", "capitals_nl": ["Yaoundé"], "continent": "Africa"},
  {"iso": "CAF", "name_nl": "Centraal-Afrikaanse Republiek", "capitals_nl": ["Bangui"], "continent": "Africa"},
  {"iso": "TCD", "name_nl": "Tsjaad", "capitals_nl": ["N'Djamena"], "continent": "Africa"},
  {"iso": "COG", "name_nl": "Congo", "capitals_nl": ["Brazzaville"], "continent": "Africa"},
  {"iso": "COD", "name_nl": "DR Congo", "capitals_nl": ["Kinshasa"], "continent": "Africa"},
  {"iso": "GNQ", "name_nl": "Equatoriaal-Guinea", "capitals_nl": ["Malabo"], "continent": "Africa"},
  {"iso": "GAB", "name_nl": "Gabon", "capitals_nl": ["Libreville"], "continent": "Africa"},
  {"iso": "STP", "name_nl": "Sao Tomé en Principe", "capitals_nl": ["São Tomé"], "continent": "Africa"},
  {"iso": "AGO", "name_nl": "Angola", "capitals_nl": ["Luanda"], "continent": "Africa"},
  {"iso": "NAM", "name_nl": "Namibië", "capitals_nl": ["Windhoek"], "continent": "Africa"},
  {"iso": "ZMB", "name_nl": "Zambia", "capitals_nl": ["Lusaka"], "continent": "Africa"},
  {"iso": "ZWE", "name_nl": "Zimbabwe", "capitals_nl": ["Harare"], "continent": "Africa"},
  {"iso": "MOZ", "name_nl": "Mozambique", "capitals_nl": ["Maputo"], "continent": "Africa"},
  {"iso": "MWI", "name_nl": "Malawi", "capitals_nl": ["Lilongwe"], "continent": "Africa"},
  {"iso": "TZA", "name_nl": "Tanzania", "capitals_nl": ["Dodoma"], "continent": "Africa"},
  {"iso": "KEN", "name_nl": "Kenia", "capitals_nl": ["Nairobi"], "continent": "Africa"},
  {"iso": "UGA", "name_nl": "Oeganda", "capitals_nl": ["Kampala"], "continent": "Africa"},
  {"iso": "RWA", "name_nl": "Rwanda", "capitals_nl": ["Kigali"], "continent": "Africa"},
  {"iso": "BDI", "name_nl": "Burundi", "capitals_nl": ["Gitega"], "continent": "Africa"},
  {"iso": "ZAF", "name_nl": "Zuid-Afrika", "capitals_nl": ["Pretoria", "Kaapstad", "Bloemfontein"], "continent": "Africa"},
  {"iso": "LSO", "name_nl": "Lesotho", "capitals_nl": ["Maseru"], "continent": "Africa"},
  {"iso": "SWZ", "name_nl": "Eswatini", "capitals_nl": ["Mbabane"], "continent": "Africa"},
  {"iso": "BWA", "name_nl": "Botswana", "capitals_nl": ["Gaborone"], "continent": "Africa"},
  {"iso": "NER", "name_nl": "Niger", "capitals_nl": ["Niamey"], "continent": "Africa"},
  {"iso": "MLI", "name_nl": "Mali", "capitals_nl": ["Bamako"], "continent": "Africa"},
  {"iso": "BFA", "name_nl": "Burkina Faso", "capitals_nl": ["Ouagadougou"], "continent": "Africa"},
  {"iso": "MRT", "name_nl": "Mauritanië", "capitals_nl": ["Nouakchott"], "continent": "Africa"},
  {"iso": "CPV", "name_nl": "Kaapverdië", "capitals_nl": ["Praia"], "continent": "Africa"},
  {"iso": "SYC", "name_nl": "Seychellen", "capitals_nl": ["Victoria"], "continent": "Africa"},
  {"iso": "COM", "name_nl": "Comoren", "capitals_nl": ["Moroni"], "continent": "Africa"},
  {"iso": "MUS", "name_nl": "Mauritius", "capitals_nl": ["Port Louis"], "continent": "Africa"},
  {"iso": "MDG", "name_nl": "Madagaskar", "capitals_nl": ["Antananarivo"], "continent": "Africa"},

  {"iso": "CHN", "name_nl": "China", "capitals_nl": ["Beijing"], "continent": "Asia"},
  {"iso": "JPN", "name_nl": "Japan", "capitals_nl": ["Tokio"], "continent": "Asia"},
  {"iso": "KOR", "name_nl": "Zuid-Korea", "capitals_nl": ["Seoel"], "continent": "Asia"},
  {"iso": "PRK", "name_nl": "Noord-Korea", "capitals_nl": ["Pyongyang"], "continent": "Asia"},
  {"iso": "MNG", "name_nl": "Mongolië", "capitals_nl": ["Ulaanbaatar"], "continent": "Asia"},
  {"iso": "TWN", "name_nl": "Taiwan", "capitals_nl": ["Taipei"], "continent": "Asia"},
  {"iso": "THA", "name_nl": "Thailand", "capitals_nl": ["Bangkok"], "continent": "Asia"},
  {"iso": "VNM", "name_nl": "Vietnam", "capitals_nl": ["Hanoi"], "continent": "Asia"},
  {"iso": "LAO", "name_nl": "Laos", "capitals_nl": ["Vientiane"], "continent": "Asia"},
  {"iso": "KHM", "name_nl": "Cambodja", "capitals_nl": ["Phnom Penh"], "continent": "Asia"},
  {"iso": "IND", "name_nl": "India", "capitals_nl": ["New Delhi"], "continent": "Asia"},
  {"iso": "PAK", "name_nl": "Pakistan", "capitals_nl": ["Islamabad"], "continent": "Asia"},
  {"iso": "BGD", "name_nl": "Bangladesh", "capitals_nl": ["Dhaka"], "continent": "Asia"},
  {"iso": "LKA", "name_nl": "Sri Lanka", "capitals_nl": ["Sri Jayawardenepura Kotte", "Colombo"], "continent": "Asia"},
  {"iso": "NPL", "name_nl": "Nepal", "capitals_nl": ["Kathmandu"], "continent": "Asia"},
  {"iso": "BTN", "name_nl": "Bhutan", "capitals_nl": ["Thimphu"], "continent": "Asia"},
  {"iso": "MMR", "name_nl": "Myanmar", "capitals_nl": ["Naypyidaw"], "continent": "Asia"},
  {"iso": "MDV", "name_nl": "Maldiven", "capitals_nl": ["Malé"], "continent": "Asia"},
  {"iso": "AFG", "name_nl": "Afghanistan", "capitals_nl": ["Kabul"], "continent": "Asia"},
  {"iso": "IRN", "name_nl": "Iran", "capitals_nl": ["Teheran"], "continent": "Asia"},
  {"iso": "KAZ", "name_nl": "Kazachstan", "capitals_nl": ["Astana"], "continent": "Asia"},
  {"iso": "UZB", "name_nl": "Oezbekistan", "capitals_nl": ["Tasjkent"], "continent": "Asia"},
  {"iso": "TKM", "name_nl": "Turkmenistan", "capitals_nl": ["Asjchabad"], "continent": "Asia"},
  {"iso": "TJK", "name_nl": "Tadzjikistan", "capitals_nl": ["Doesjanbe"], "continent": "Asia"},
  {"iso": "KGZ", "name_nl": "Kirgizië", "capitals_nl": ["Bisjkek"], "continent": "Asia"},
  {"iso": "ARM", "name_nl": "Armenië", "capitals_nl": ["Jerevan"], "continent": "Asia"},
  {"iso": "AZE", "name_nl": "Azerbeidzjan", "capitals_nl": ["Bakoe"], "continent": "Asia"},
  {"iso": "GEO", "name_nl": "Georgië", "capitals_nl": ["Tbilisi"], "continent": "Asia"},
  {"iso": "TUR", "name_nl": "Turkije", "capitals_nl": ["Ankara"], "continent": "Asia"},
  {"iso": "SAU", "name_nl": "Saudi-Arabië", "capitals_nl": ["Riyad"], "continent": "Asia"},
  {"iso": "ARE", "name_nl": "Verenigde Arabische Emiraten", "capitals_nl": ["Abu Dhabi"], "continent": "Asia"},
  {"iso": "QAT", "name_nl": "Qatar", "capitals_nl": ["Doha"], "continent": "Asia"},
  {"iso": "KWT", "name_nl": "Koeweit", "capitals_nl": ["Koeweit-stad"], "continent": "Asia"},
  {"iso": "OMN", "name_nl": "Oman", "capitals_nl": ["Masqat"], "continent": "Asia"},
  {"iso": "YEM", "name_nl": "Jemen", "capitals_nl": ["Sana'a"], "continent": "Asia"},
  {"iso": "IRQ", "name_nl": "Irak", "capitals_nl": ["Bagdad"], "continent": "Asia"},
  {"iso": "SYR", "name_nl": "Syrië", "capitals_nl": ["Damascus"], "continent": "Asia"},
  {"iso": "JOR", "name_nl": "Jordanië", "capitals_nl": ["Amman"], "continent": "Asia"},
  {"iso": "ISR", "name_nl": "Israël", "capitals_nl": ["Jeruzalem"], "continent": "Asia"},
  {"iso": "IDN", "name_nl": "Indonesië", "capitals_nl": ["Jakarta"], "continent": "Asia"},
  {"iso": "MYS", "name_nl": "Maleisië", "capitals_nl": ["Kuala Lumpur", "Putrajaya"], "continent": "Asia"},
  {"iso": "SGP", "name_nl": "Singapore", "capitals_nl": ["Singapore"], "continent": "Asia"},
  {"iso": "PHL", "name_nl": "Filipijnen", "capitals_nl": ["Manilla"], "continent": "Asia"},
  {"iso": "BRN", "name_nl": "Brunei", "capitals_nl": ["Bandar Seri Begawan"], "continent": "Asia"},
  {"iso": "TLS", "name_nl": "Oost-Timor", "capitals_nl": ["Dili"], "continent": "Asia"},
  {"iso": "BHR", "name_nl": "Bahrein", "capitals_nl": ["Manama"], "continent": "Asia"},
  {"iso": "LBN", "name_nl": "Libanon", "capitals_nl": ["Beiroet"], "continent": "Asia"}
]
